Step,Household ID,Section Number,Selected Encryption Ratio,Intermediate Reward
1,1c02fc69-0a78-46cb-bf57-226f307fc10a,1,0.7,0.49998575
2,1c02fc69-0a78-46cb-bf57-226f307fc10a,2,0.9,0.49998295
3,1c02fc69-0a78-46cb-bf57-226f307fc10a,3,0.4,0.4999836
4,1c02fc69-0a78-46cb-bf57-226f307fc10a,4,0.1,0.499989
5,1c02fc69-0a78-46cb-bf57-226f307fc10a,5,0.8,0.49998444
6,1c02fc69-0a78-46cb-bf57-226f307fc10a,6,0.1,0.49998856
7,1c02fc69-0a78-46cb-bf57-226f307fc10a,7,0.1,0.49998906
8,1c02fc69-0a78-46cb-bf57-226f307fc10a,8,0.8,0.49998236
9,1c02fc69-0a78-46cb-bf57-226f307fc10a,9,0.2,0.49998614
10,1c02fc69-0a78-46cb-bf57-226f307fc10a,10,0.3,0.49998724
11,d0d09ece-30bb-431f-b812-4e39bfb33198,1,0.5,0.49998286
12,d0d09ece-30bb-431f-b812-4e39bfb33198,2,0.4,0.49998343
13,d0d09ece-30bb-431f-b812-4e39bfb33198,3,0.7,0.49998292
14,d0d09ece-30bb-431f-b812-4e39bfb33198,4,0.9,0.4999811
15,d0d09ece-30bb-431f-b812-4e39bfb33198,5,0.1,0.4999843
16,d0d09ece-30bb-431f-b812-4e39bfb33198,6,0.6,0.49998304
17,d0d09ece-30bb-431f-b812-4e39bfb33198,7,0.1,0.49998385
18,d0d09ece-30bb-431f-b812-4e39bfb33198,8,0.8,0.49998236
19,d0d09ece-30bb-431f-b812-4e39bfb33198,9,0.2,0.4999844
20,d0d09ece-30bb-431f-b812-4e39bfb33198,10,0.8,0.4999822
21,128c9821-8849-46d6-a7a7-5709ec799f94,1,0.9,0.49998003
22,128c9821-8849-46d6-a7a7-5709ec799f94,2,0.5,0.49998426
23,128c9821-8849-46d6-a7a7-5709ec799f94,3,0.2,0.4999801
24,128c9821-8849-46d6-a7a7-5709ec799f94,4,0.7,0.49997893
25,128c9821-8849-46d6-a7a7-5709ec799f94,5,0.8,0.49997982
26,128c9821-8849-46d6-a7a7-5709ec799f94,6,0.8,0.49997994
27,128c9821-8849-46d6-a7a7-5709ec799f94,7,0.5,0.49997893
28,128c9821-8849-46d6-a7a7-5709ec799f94,8,0.2,0.49998003
29,128c9821-8849-46d6-a7a7-5709ec799f94,9,0.1,0.4999845
30,128c9821-8849-46d6-a7a7-5709ec799f94,10,0.9,0.49997988
31,93303633-fdc8-4139-907e-7388d1b92ed5,1,0.3,0.49998292
32,93303633-fdc8-4139-907e-7388d1b92ed5,2,0.8,0.49998078
33,93303633-fdc8-4139-907e-7388d1b92ed5,3,0.8,0.4999796
34,93303633-fdc8-4139-907e-7388d1b92ed5,4,0.7,0.49997988
35,93303633-fdc8-4139-907e-7388d1b92ed5,5,0.4,0.49998245
36,93303633-fdc8-4139-907e-7388d1b92ed5,6,0.7,0.4999817
37,93303633-fdc8-4139-907e-7388d1b92ed5,7,0.9,0.49997967
38,93303633-fdc8-4139-907e-7388d1b92ed5,8,0.9,0.49997938
39,93303633-fdc8-4139-907e-7388d1b92ed5,9,0.9,0.4999805
40,93303633-fdc8-4139-907e-7388d1b92ed5,10,0.8,0.49998105
41,77852396-f4a2-4d47-a864-8723417d9591,1,0.7,0.49997887
42,77852396-f4a2-4d47-a864-8723417d9591,2,0.3,0.49997914
43,77852396-f4a2-4d47-a864-8723417d9591,3,0.3,0.49997914
44,77852396-f4a2-4d47-a864-8723417d9591,4,0.9,0.49997887
45,77852396-f4a2-4d47-a864-8723417d9591,5,0.3,0.4999791
46,77852396-f4a2-4d47-a864-8723417d9591,6,0.7,0.49997887
47,77852396-f4a2-4d47-a864-8723417d9591,7,0.6,0.49997887
48,77852396-f4a2-4d47-a864-8723417d9591,8,0.3,0.4999791
49,77852396-f4a2-4d47-a864-8723417d9591,9,0.3,0.49997917
50,77852396-f4a2-4d47-a864-8723417d9591,10,0.1,0.49997926
51,cd2a63c5-e1ab-4000-a286-9628f856af4b,1,0.5,0.49998423
52,cd2a63c5-e1ab-4000-a286-9628f856af4b,2,0.4,0.49998176
53,cd2a63c5-e1ab-4000-a286-9628f856af4b,3,0.3,0.49998483
54,cd2a63c5-e1ab-4000-a286-9628f856af4b,4,0.4,0.4999846
55,cd2a63c5-e1ab-4000-a286-9628f856af4b,5,0.7,0.49998304
56,cd2a63c5-e1ab-4000-a286-9628f856af4b,6,0.8,0.49998257
57,cd2a63c5-e1ab-4000-a286-9628f856af4b,7,0.8,0.49998322
58,cd2a63c5-e1ab-4000-a286-9628f856af4b,8,0.8,0.4999835
59,cd2a63c5-e1ab-4000-a286-9628f856af4b,9,0.9,0.4999805
60,cd2a63c5-e1ab-4000-a286-9628f856af4b,10,0.4,0.49998513
61,8c06e577-095f-4628-8def-3e94a55f2e97,1,0.6,0.4999838
62,8c06e577-095f-4628-8def-3e94a55f2e97,2,0.6,0.49998415
63,8c06e577-095f-4628-8def-3e94a55f2e97,3,0.9,0.4999825
64,8c06e577-095f-4628-8def-3e94a55f2e97,4,0.1,0.49998507
65,8c06e577-095f-4628-8def-3e94a55f2e97,5,0.9,0.49998227
66,8c06e577-095f-4628-8def-3e94a55f2e97,6,0.8,0.4999833
67,8c06e577-095f-4628-8def-3e94a55f2e97,7,0.2,0.49998453
68,8c06e577-095f-4628-8def-3e94a55f2e97,8,0.3,0.4999854
69,8c06e577-095f-4628-8def-3e94a55f2e97,9,0.4,0.49998495
70,8c06e577-095f-4628-8def-3e94a55f2e97,10,0.1,0.49998486
71,b62dd682-92d6-4d55-a406-dbab9268388f,1,0.2,0.49998555
72,b62dd682-92d6-4d55-a406-dbab9268388f,2,0.9,0.49998063
73,b62dd682-92d6-4d55-a406-dbab9268388f,3,0.6,0.4999856
74,b62dd682-92d6-4d55-a406-dbab9268388f,4,0.3,0.49998602
75,b62dd682-92d6-4d55-a406-dbab9268388f,5,0.7,0.49998483
76,b62dd682-92d6-4d55-a406-dbab9268388f,6,0.9,0.49998274
77,b62dd682-92d6-4d55-a406-dbab9268388f,7,0.4,0.49998564
78,b62dd682-92d6-4d55-a406-dbab9268388f,8,0.1,0.499987
79,b62dd682-92d6-4d55-a406-dbab9268388f,9,0.1,0.49998266
80,b62dd682-92d6-4d55-a406-dbab9268388f,10,0.8,0.49998367
81,2c6c0f07-5a00-4a34-9bfd-30beee6d57c2,1,0.7,0.49998438
82,2c6c0f07-5a00-4a34-9bfd-30beee6d57c2,2,0.8,0.49998263
83,2c6c0f07-5a00-4a34-9bfd-30beee6d57c2,3,0.3,0.49998572
84,2c6c0f07-5a00-4a34-9bfd-30beee6d57c2,4,0.4,0.49998528
85,2c6c0f07-5a00-4a34-9bfd-30beee6d57c2,5,0.5,0.49998438
86,2c6c0f07-5a00-4a34-9bfd-30beee6d57c2,6,0.5,0.49998444
87,2c6c0f07-5a00-4a34-9bfd-30beee6d57c2,7,0.6,0.49998406
88,2c6c0f07-5a00-4a34-9bfd-30beee6d57c2,8,0.5,0.49998435
89,2c6c0f07-5a00-4a34-9bfd-30beee6d57c2,9,0.2,0.49998477
90,2c6c0f07-5a00-4a34-9bfd-30beee6d57c2,10,0.2,0.49998567
91,82afe3ee-bf3a-469f-a2bf-f016de616453,1,0.9,0.4999789
92,82afe3ee-bf3a-469f-a2bf-f016de616453,2,0.1,0.49998125
93,82afe3ee-bf3a-469f-a2bf-f016de616453,3,0.2,0.49998173
94,82afe3ee-bf3a-469f-a2bf-f016de616453,4,0.9,0.49997893
95,82afe3ee-bf3a-469f-a2bf-f016de616453,5,0.4,0.49997893
96,82afe3ee-bf3a-469f-a2bf-f016de616453,6,0.3,0.4999789
97,82afe3ee-bf3a-469f-a2bf-f016de616453,7,0.9,0.4999789
98,82afe3ee-bf3a-469f-a2bf-f016de616453,8,0.9,0.49997887
99,82afe3ee-bf3a-469f-a2bf-f016de616453,9,0.6,0.49997932
100,82afe3ee-bf3a-469f-a2bf-f016de616453,10,0.7,0.49997902
101,c0e7463c-8ed6-49b3-b4fd-a69449d8cee5,1,0.7,0.4999837
102,c0e7463c-8ed6-49b3-b4fd-a69449d8cee5,2,0.7,0.49998403
103,c0e7463c-8ed6-49b3-b4fd-a69449d8cee5,3,0.7,0.49998376
104,c0e7463c-8ed6-49b3-b4fd-a69449d8cee5,4,0.7,0.49998313
105,c0e7463c-8ed6-49b3-b4fd-a69449d8cee5,5,0.7,0.49998334
106,c0e7463c-8ed6-49b3-b4fd-a69449d8cee5,6,0.7,0.49998352
107,c0e7463c-8ed6-49b3-b4fd-a69449d8cee5,7,0.7,0.49998358
108,c0e7463c-8ed6-49b3-b4fd-a69449d8cee5,8,0.7,0.49998358
109,c0e7463c-8ed6-49b3-b4fd-a69449d8cee5,9,0.7,0.49998376
110,c0e7463c-8ed6-49b3-b4fd-a69449d8cee5,10,0.9,0.4999824
111,fc15a343-5276-4ce0-be8c-34087ae69070,1,0.7,0.49998552
112,fc15a343-5276-4ce0-be8c-34087ae69070,2,0.7,0.49998537
113,fc15a343-5276-4ce0-be8c-34087ae69070,3,0.7,0.49998534
114,fc15a343-5276-4ce0-be8c-34087ae69070,4,0.7,0.49998522
115,fc15a343-5276-4ce0-be8c-34087ae69070,5,0.7,0.4999855
116,fc15a343-5276-4ce0-be8c-34087ae69070,6,0.7,0.4999854
117,fc15a343-5276-4ce0-be8c-34087ae69070,7,0.7,0.49998546
118,fc15a343-5276-4ce0-be8c-34087ae69070,8,0.7,0.49998513
119,fc15a343-5276-4ce0-be8c-34087ae69070,9,0.7,0.49998537
120,fc15a343-5276-4ce0-be8c-34087ae69070,10,0.7,0.49998602
121,13c202b0-14dc-42da-b5ca-21d132cc23fc,1,0.7,0.49998513
122,13c202b0-14dc-42da-b5ca-21d132cc23fc,2,0.7,0.49998477
123,13c202b0-14dc-42da-b5ca-21d132cc23fc,3,0.7,0.49998495
124,13c202b0-14dc-42da-b5ca-21d132cc23fc,4,0.7,0.4999849
125,13c202b0-14dc-42da-b5ca-21d132cc23fc,5,0.5,0.4999851
126,13c202b0-14dc-42da-b5ca-21d132cc23fc,6,0.7,0.4999848
127,13c202b0-14dc-42da-b5ca-21d132cc23fc,7,0.7,0.49998456
128,13c202b0-14dc-42da-b5ca-21d132cc23fc,8,0.7,0.4999847
129,13c202b0-14dc-42da-b5ca-21d132cc23fc,9,0.7,0.4999846
130,13c202b0-14dc-42da-b5ca-21d132cc23fc,10,0.7,0.49998486
131,9cbc1567-3633-4ec7-baa4-912a08e1cb88,1,0.1,0.4999848
132,9cbc1567-3633-4ec7-baa4-912a08e1cb88,2,0.7,0.49998328
133,9cbc1567-3633-4ec7-baa4-912a08e1cb88,3,0.6,0.49998465
134,9cbc1567-3633-4ec7-baa4-912a08e1cb88,4,0.7,0.49998492
135,9cbc1567-3633-4ec7-baa4-912a08e1cb88,5,0.7,0.4999842
136,9cbc1567-3633-4ec7-baa4-912a08e1cb88,6,0.7,0.49998403
137,9cbc1567-3633-4ec7-baa4-912a08e1cb88,7,0.7,0.49998465
138,9cbc1567-3633-4ec7-baa4-912a08e1cb88,8,0.7,0.49998432
139,9cbc1567-3633-4ec7-baa4-912a08e1cb88,9,0.7,0.49998307
140,9cbc1567-3633-4ec7-baa4-912a08e1cb88,10,0.7,0.49998316
141,9ea6de13-dd18-4319-8b26-c0c1db8b9449,1,0.7,0.49998534
142,9ea6de13-dd18-4319-8b26-c0c1db8b9449,2,0.7,0.49998552
143,9ea6de13-dd18-4319-8b26-c0c1db8b9449,3,0.7,0.49998534
144,9ea6de13-dd18-4319-8b26-c0c1db8b9449,4,0.7,0.4999851
145,9ea6de13-dd18-4319-8b26-c0c1db8b9449,5,0.7,0.4999853
146,9ea6de13-dd18-4319-8b26-c0c1db8b9449,6,0.7,0.499985
147,9ea6de13-dd18-4319-8b26-c0c1db8b9449,7,0.7,0.49998522
148,9ea6de13-dd18-4319-8b26-c0c1db8b9449,8,0.7,0.49998534
149,9ea6de13-dd18-4319-8b26-c0c1db8b9449,9,0.7,0.49998572
150,9ea6de13-dd18-4319-8b26-c0c1db8b9449,10,0.7,0.49998578
151,3fc0af02-ec0a-4572-9824-2b11c6990e4a,1,0.7,0.4999812
152,3fc0af02-ec0a-4572-9824-2b11c6990e4a,2,0.7,0.49998036
153,3fc0af02-ec0a-4572-9824-2b11c6990e4a,3,0.7,0.4999813
154,3fc0af02-ec0a-4572-9824-2b11c6990e4a,4,0.7,0.49998173
155,3fc0af02-ec0a-4572-9824-2b11c6990e4a,5,0.9,0.49998027
156,3fc0af02-ec0a-4572-9824-2b11c6990e4a,6,0.7,0.49998087
157,3fc0af02-ec0a-4572-9824-2b11c6990e4a,7,0.7,0.49998114
158,3fc0af02-ec0a-4572-9824-2b11c6990e4a,8,0.7,0.4999808
159,3fc0af02-ec0a-4572-9824-2b11c6990e4a,9,0.7,0.49998048
160,3fc0af02-ec0a-4572-9824-2b11c6990e4a,10,0.7,0.499981
161,d631238e-0e45-42ac-9627-0a9d1d62fad9,1,0.7,0.4999834
162,d631238e-0e45-42ac-9627-0a9d1d62fad9,2,0.7,0.49998307
163,d631238e-0e45-42ac-9627-0a9d1d62fad9,3,0.5,0.49998432
164,d631238e-0e45-42ac-9627-0a9d1d62fad9,4,0.7,0.49998274
165,d631238e-0e45-42ac-9627-0a9d1d62fad9,5,0.7,0.49998233
166,d631238e-0e45-42ac-9627-0a9d1d62fad9,6,0.7,0.49998233
167,d631238e-0e45-42ac-9627-0a9d1d62fad9,7,0.7,0.4999825
168,d631238e-0e45-42ac-9627-0a9d1d62fad9,8,0.7,0.4999832
169,d631238e-0e45-42ac-9627-0a9d1d62fad9,9,0.7,0.4999833
170,d631238e-0e45-42ac-9627-0a9d1d62fad9,10,0.7,0.49998358
171,5b3d1403-c791-4959-9fe0-430349fe8d1f,1,0.7,0.4999843
172,5b3d1403-c791-4959-9fe0-430349fe8d1f,2,0.7,0.49998546
173,5b3d1403-c791-4959-9fe0-430349fe8d1f,3,0.7,0.49998477
174,5b3d1403-c791-4959-9fe0-430349fe8d1f,4,0.5,0.49998438
175,5b3d1403-c791-4959-9fe0-430349fe8d1f,5,0.7,0.49998462
176,5b3d1403-c791-4959-9fe0-430349fe8d1f,6,0.7,0.4999847
177,5b3d1403-c791-4959-9fe0-430349fe8d1f,7,0.7,0.499984
178,5b3d1403-c791-4959-9fe0-430349fe8d1f,8,0.7,0.49998477
179,5b3d1403-c791-4959-9fe0-430349fe8d1f,9,0.7,0.49998522
180,5b3d1403-c791-4959-9fe0-430349fe8d1f,10,0.7,0.4999842
181,8ecccc9e-ee7e-4942-a666-1af0c4a7c9cc,1,0.7,0.49998453
182,8ecccc9e-ee7e-4942-a666-1af0c4a7c9cc,2,0.7,0.499985
183,8ecccc9e-ee7e-4942-a666-1af0c4a7c9cc,3,0.7,0.4999854
184,8ecccc9e-ee7e-4942-a666-1af0c4a7c9cc,4,0.7,0.4999852
185,8ecccc9e-ee7e-4942-a666-1af0c4a7c9cc,5,0.7,0.49998522
186,8ecccc9e-ee7e-4942-a666-1af0c4a7c9cc,6,0.7,0.4999853
187,8ecccc9e-ee7e-4942-a666-1af0c4a7c9cc,7,0.7,0.4999851
188,8ecccc9e-ee7e-4942-a666-1af0c4a7c9cc,8,0.7,0.49998537
189,8ecccc9e-ee7e-4942-a666-1af0c4a7c9cc,9,0.7,0.49998468
190,8ecccc9e-ee7e-4942-a666-1af0c4a7c9cc,10,0.7,0.49998432
191,24564a57-959d-4214-8e07-94a14f121a91,1,0.7,0.49998298
192,24564a57-959d-4214-8e07-94a14f121a91,2,0.7,0.49998242
193,24564a57-959d-4214-8e07-94a14f121a91,3,0.7,0.49998182
194,24564a57-959d-4214-8e07-94a14f121a91,4,0.7,0.49998245
195,24564a57-959d-4214-8e07-94a14f121a91,5,0.7,0.4999827
196,24564a57-959d-4214-8e07-94a14f121a91,6,0.7,0.49998242
197,24564a57-959d-4214-8e07-94a14f121a91,7,0.7,0.49998334
198,24564a57-959d-4214-8e07-94a14f121a91,8,0.7,0.4999821
199,24564a57-959d-4214-8e07-94a14f121a91,9,0.7,0.49998242
200,24564a57-959d-4214-8e07-94a14f121a91,10,0.7,0.49998254
201,f5850315-552a-440f-9871-173212ad467f,1,0.7,0.4999873
202,f5850315-552a-440f-9871-173212ad467f,2,0.7,0.49998555
203,f5850315-552a-440f-9871-173212ad467f,3,0.7,0.49998465
204,f5850315-552a-440f-9871-173212ad467f,4,0.7,0.49998367
205,f5850315-552a-440f-9871-173212ad467f,5,0.7,0.49998286
206,f5850315-552a-440f-9871-173212ad467f,6,0.7,0.49998292
207,f5850315-552a-440f-9871-173212ad467f,7,0.7,0.4999838
208,f5850315-552a-440f-9871-173212ad467f,8,0.7,0.4999844
209,f5850315-552a-440f-9871-173212ad467f,9,0.7,0.4999852
210,f5850315-552a-440f-9871-173212ad467f,10,0.2,0.49998957
211,0f19a0e2-0ac9-4039-a80f-50db5d2de392,1,0.7,0.49998182
212,0f19a0e2-0ac9-4039-a80f-50db5d2de392,2,0.7,0.4999815
213,0f19a0e2-0ac9-4039-a80f-50db5d2de392,3,0.7,0.49998003
214,0f19a0e2-0ac9-4039-a80f-50db5d2de392,4,0.5,0.49997887
215,0f19a0e2-0ac9-4039-a80f-50db5d2de392,5,0.7,0.49998212
216,0f19a0e2-0ac9-4039-a80f-50db5d2de392,6,0.7,0.49998206
217,0f19a0e2-0ac9-4039-a80f-50db5d2de392,7,0.5,0.49997887
218,0f19a0e2-0ac9-4039-a80f-50db5d2de392,8,0.7,0.49997994
219,0f19a0e2-0ac9-4039-a80f-50db5d2de392,9,0.7,0.49998158
220,0f19a0e2-0ac9-4039-a80f-50db5d2de392,10,0.7,0.49998152
221,2cf06c46-efd4-4c3c-8318-e504fc17ad08,1,0.7,0.49998373
222,2cf06c46-efd4-4c3c-8318-e504fc17ad08,2,0.7,0.49998355
223,2cf06c46-efd4-4c3c-8318-e504fc17ad08,3,0.7,0.4999831
224,2cf06c46-efd4-4c3c-8318-e504fc17ad08,4,0.7,0.49998236
225,2cf06c46-efd4-4c3c-8318-e504fc17ad08,5,0.7,0.49998218
226,2cf06c46-efd4-4c3c-8318-e504fc17ad08,6,0.7,0.49998194
227,2cf06c46-efd4-4c3c-8318-e504fc17ad08,7,0.7,0.4999826
228,2cf06c46-efd4-4c3c-8318-e504fc17ad08,8,0.7,0.49998295
229,2cf06c46-efd4-4c3c-8318-e504fc17ad08,9,0.7,0.49998328
230,2cf06c46-efd4-4c3c-8318-e504fc17ad08,10,0.6,0.49998382
231,8190fe32-38c9-4b89-b97e-b865fde8131d,1,0.7,0.49997953
232,8190fe32-38c9-4b89-b97e-b865fde8131d,2,0.7,0.4999812
233,8190fe32-38c9-4b89-b97e-b865fde8131d,3,0.5,0.49997887
234,8190fe32-38c9-4b89-b97e-b865fde8131d,4,0.7,0.49997893
235,8190fe32-38c9-4b89-b97e-b865fde8131d,5,0.7,0.4999791
236,8190fe32-38c9-4b89-b97e-b865fde8131d,6,0.7,0.49997908
237,8190fe32-38c9-4b89-b97e-b865fde8131d,7,0.7,0.49997893
238,8190fe32-38c9-4b89-b97e-b865fde8131d,8,0.5,0.49997887
239,8190fe32-38c9-4b89-b97e-b865fde8131d,9,0.7,0.49998134
240,8190fe32-38c9-4b89-b97e-b865fde8131d,10,0.7,0.49997956
241,16bb182d-cb73-4cb8-9002-8b18177eaaa7,1,0.7,0.49997923
242,16bb182d-cb73-4cb8-9002-8b18177eaaa7,2,0.7,0.4999793
243,16bb182d-cb73-4cb8-9002-8b18177eaaa7,3,0.7,0.49997935
244,16bb182d-cb73-4cb8-9002-8b18177eaaa7,4,0.7,0.49997932
245,16bb182d-cb73-4cb8-9002-8b18177eaaa7,5,0.7,0.49997935
246,16bb182d-cb73-4cb8-9002-8b18177eaaa7,6,0.7,0.49997956
247,16bb182d-cb73-4cb8-9002-8b18177eaaa7,7,0.7,0.49997938
248,16bb182d-cb73-4cb8-9002-8b18177eaaa7,8,0.7,0.49997944
249,16bb182d-cb73-4cb8-9002-8b18177eaaa7,9,0.7,0.49997965
250,16bb182d-cb73-4cb8-9002-8b18177eaaa7,10,0.7,0.4999795
251,d1f0f31d-17e2-484a-9b09-6b7cfc568102,1,0.7,0.49998593
252,d1f0f31d-17e2-484a-9b09-6b7cfc568102,2,0.7,0.49998572
253,d1f0f31d-17e2-484a-9b09-6b7cfc568102,3,0.7,0.49998668
254,d1f0f31d-17e2-484a-9b09-6b7cfc568102,4,0.7,0.49998593
255,d1f0f31d-17e2-484a-9b09-6b7cfc568102,5,0.7,0.49998608
256,d1f0f31d-17e2-484a-9b09-6b7cfc568102,6,0.7,0.4999859
257,d1f0f31d-17e2-484a-9b09-6b7cfc568102,7,0.7,0.49998587
258,d1f0f31d-17e2-484a-9b09-6b7cfc568102,8,0.7,0.49998653
259,d1f0f31d-17e2-484a-9b09-6b7cfc568102,9,0.7,0.49998578
260,d1f0f31d-17e2-484a-9b09-6b7cfc568102,10,0.7,0.49998578
261,13464844-b1ad-47e3-b2a9-b48426b2a986,1,0.7,0.4999854
262,13464844-b1ad-47e3-b2a9-b48426b2a986,2,0.7,0.49998373
263,13464844-b1ad-47e3-b2a9-b48426b2a986,3,0.7,0.49998432
264,13464844-b1ad-47e3-b2a9-b48426b2a986,4,0.7,0.49998453
265,13464844-b1ad-47e3-b2a9-b48426b2a986,5,0.7,0.49998438
266,13464844-b1ad-47e3-b2a9-b48426b2a986,6,0.7,0.4999844
267,13464844-b1ad-47e3-b2a9-b48426b2a986,7,0.7,0.49998426
268,13464844-b1ad-47e3-b2a9-b48426b2a986,8,0.5,0.49998486
269,13464844-b1ad-47e3-b2a9-b48426b2a986,9,0.7,0.4999842
270,13464844-b1ad-47e3-b2a9-b48426b2a986,10,0.7,0.49998534
271,7c740711-9c8a-4b41-a262-c2200a3e8d52,1,0.7,0.4999842
272,7c740711-9c8a-4b41-a262-c2200a3e8d52,2,0.7,0.49998403
273,7c740711-9c8a-4b41-a262-c2200a3e8d52,3,0.7,0.49998415
274,7c740711-9c8a-4b41-a262-c2200a3e8d52,4,0.7,0.499984
275,7c740711-9c8a-4b41-a262-c2200a3e8d52,5,0.7,0.49998423
276,7c740711-9c8a-4b41-a262-c2200a3e8d52,6,0.7,0.4999843
277,7c740711-9c8a-4b41-a262-c2200a3e8d52,7,0.7,0.49998376
278,7c740711-9c8a-4b41-a262-c2200a3e8d52,8,0.7,0.49998403
279,7c740711-9c8a-4b41-a262-c2200a3e8d52,9,0.7,0.49998397
280,7c740711-9c8a-4b41-a262-c2200a3e8d52,10,0.7,0.49998415
281,e41dddd2-87dd-4d4b-bdb6-9859c34768f1,1,0.7,0.4999816
282,e41dddd2-87dd-4d4b-bdb6-9859c34768f1,2,0.7,0.49998438
283,e41dddd2-87dd-4d4b-bdb6-9859c34768f1,3,0.7,0.49998146
284,e41dddd2-87dd-4d4b-bdb6-9859c34768f1,4,0.7,0.49997893
285,e41dddd2-87dd-4d4b-bdb6-9859c34768f1,5,0.7,0.4999793
286,e41dddd2-87dd-4d4b-bdb6-9859c34768f1,6,0.7,0.4999793
287,e41dddd2-87dd-4d4b-bdb6-9859c34768f1,7,0.7,0.49997893
288,e41dddd2-87dd-4d4b-bdb6-9859c34768f1,8,0.7,0.49998152
289,e41dddd2-87dd-4d4b-bdb6-9859c34768f1,9,0.7,0.49998456
290,e41dddd2-87dd-4d4b-bdb6-9859c34768f1,10,0.7,0.49998182
291,c5c103dc-1812-474c-8d40-03e844585f5b,1,0.7,0.49998415
292,c5c103dc-1812-474c-8d40-03e844585f5b,2,0.7,0.49998516
293,c5c103dc-1812-474c-8d40-03e844585f5b,3,0.7,0.49998498
294,c5c103dc-1812-474c-8d40-03e844585f5b,4,0.7,0.4999846
295,c5c103dc-1812-474c-8d40-03e844585f5b,5,0.7,0.49998447
296,c5c103dc-1812-474c-8d40-03e844585f5b,6,0.7,0.4999843
297,c5c103dc-1812-474c-8d40-03e844585f5b,7,0.7,0.4999848
298,c5c103dc-1812-474c-8d40-03e844585f5b,8,0.7,0.49998507
299,c5c103dc-1812-474c-8d40-03e844585f5b,9,0.7,0.49998513
300,c5c103dc-1812-474c-8d40-03e844585f5b,10,0.7,0.49998417
301,90e31bb3-97af-4ed9-b6a1-198615fade1d,1,0.7,0.4999852
302,90e31bb3-97af-4ed9-b6a1-198615fade1d,2,0.7,0.49998468
303,90e31bb3-97af-4ed9-b6a1-198615fade1d,3,0.7,0.49998453
304,90e31bb3-97af-4ed9-b6a1-198615fade1d,4,0.7,0.4999847
305,90e31bb3-97af-4ed9-b6a1-198615fade1d,5,0.7,0.4999843
306,90e31bb3-97af-4ed9-b6a1-198615fade1d,6,0.7,0.49998447
307,90e31bb3-97af-4ed9-b6a1-198615fade1d,7,0.7,0.49998495
308,90e31bb3-97af-4ed9-b6a1-198615fade1d,8,0.7,0.49998453
309,90e31bb3-97af-4ed9-b6a1-198615fade1d,9,0.7,0.49998468
310,90e31bb3-97af-4ed9-b6a1-198615fade1d,10,0.7,0.49998516
311,faea8eb7-c134-4c8b-99ac-c2c7ddd60d8b,1,0.7,0.49998298
312,faea8eb7-c134-4c8b-99ac-c2c7ddd60d8b,2,0.7,0.49998102
313,faea8eb7-c134-4c8b-99ac-c2c7ddd60d8b,3,0.7,0.49998304
314,faea8eb7-c134-4c8b-99ac-c2c7ddd60d8b,4,0.7,0.49998274
315,faea8eb7-c134-4c8b-99ac-c2c7ddd60d8b,5,0.7,0.49998266
316,faea8eb7-c134-4c8b-99ac-c2c7ddd60d8b,6,0.7,0.49998263
317,faea8eb7-c134-4c8b-99ac-c2c7ddd60d8b,7,0.7,0.4999828
318,faea8eb7-c134-4c8b-99ac-c2c7ddd60d8b,8,0.7,0.49998307
319,faea8eb7-c134-4c8b-99ac-c2c7ddd60d8b,9,0.7,0.4999813
320,faea8eb7-c134-4c8b-99ac-c2c7ddd60d8b,10,0.7,0.49998292
321,2be3a38f-550e-4154-82d3-9b808d4b0bf6,1,0.7,0.4999849
322,2be3a38f-550e-4154-82d3-9b808d4b0bf6,2,0.7,0.4999851
323,2be3a38f-550e-4154-82d3-9b808d4b0bf6,3,0.7,0.49998513
324,2be3a38f-550e-4154-82d3-9b808d4b0bf6,4,0.7,0.49998486
325,2be3a38f-550e-4154-82d3-9b808d4b0bf6,5,0.7,0.49998465
326,2be3a38f-550e-4154-82d3-9b808d4b0bf6,6,0.7,0.49998474
327,2be3a38f-550e-4154-82d3-9b808d4b0bf6,7,0.7,0.4999848
328,2be3a38f-550e-4154-82d3-9b808d4b0bf6,8,0.7,0.49998528
329,2be3a38f-550e-4154-82d3-9b808d4b0bf6,9,0.7,0.49998534
330,2be3a38f-550e-4154-82d3-9b808d4b0bf6,10,0.7,0.49998516
331,61c9167b-6dc3-47ca-9662-786dfdec3cd3,1,0.7,0.49998695
332,61c9167b-6dc3-47ca-9662-786dfdec3cd3,2,0.7,0.4999862
333,61c9167b-6dc3-47ca-9662-786dfdec3cd3,3,0.7,0.499986
334,61c9167b-6dc3-47ca-9662-786dfdec3cd3,4,0.7,0.49998546
335,61c9167b-6dc3-47ca-9662-786dfdec3cd3,5,0.8,0.49998447
336,61c9167b-6dc3-47ca-9662-786dfdec3cd3,6,0.7,0.49998528
337,61c9167b-6dc3-47ca-9662-786dfdec3cd3,7,0.7,0.4999854
338,61c9167b-6dc3-47ca-9662-786dfdec3cd3,8,0.7,0.49998587
339,61c9167b-6dc3-47ca-9662-786dfdec3cd3,9,0.7,0.49998614
340,61c9167b-6dc3-47ca-9662-786dfdec3cd3,10,0.7,0.49998662
341,8b16208d-a25d-4554-abfe-6ab4363c7388,1,0.7,0.499984
342,8b16208d-a25d-4554-abfe-6ab4363c7388,2,0.7,0.4999845
343,8b16208d-a25d-4554-abfe-6ab4363c7388,3,0.7,0.49998385
344,8b16208d-a25d-4554-abfe-6ab4363c7388,4,0.7,0.49998397
345,8b16208d-a25d-4554-abfe-6ab4363c7388,5,0.7,0.49998492
346,8b16208d-a25d-4554-abfe-6ab4363c7388,6,0.7,0.49998477
347,8b16208d-a25d-4554-abfe-6ab4363c7388,7,0.7,0.49998415
348,8b16208d-a25d-4554-abfe-6ab4363c7388,8,0.7,0.4999839
349,8b16208d-a25d-4554-abfe-6ab4363c7388,9,0.7,0.49998438
350,8b16208d-a25d-4554-abfe-6ab4363c7388,10,0.7,0.49998373
351,60db3556-743a-4cc2-975a-4ff4c9ad1a55,1,0.7,0.4999803
352,60db3556-743a-4cc2-975a-4ff4c9ad1a55,2,0.7,0.49998194
353,60db3556-743a-4cc2-975a-4ff4c9ad1a55,3,0.4,0.49998352
354,60db3556-743a-4cc2-975a-4ff4c9ad1a55,4,0.1,0.49998298
355,60db3556-743a-4cc2-975a-4ff4c9ad1a55,5,0.7,0.49998122
356,60db3556-743a-4cc2-975a-4ff4c9ad1a55,6,0.7,0.49998122
357,60db3556-743a-4cc2-975a-4ff4c9ad1a55,7,0.7,0.49998093
358,60db3556-743a-4cc2-975a-4ff4c9ad1a55,8,0.7,0.49998236
359,60db3556-743a-4cc2-975a-4ff4c9ad1a55,9,0.7,0.4999819
360,60db3556-743a-4cc2-975a-4ff4c9ad1a55,10,0.7,0.49998012
361,99dbb947-1f56-4d7c-bdf1-3c756aed0f1e,1,0.5,0.49998626
362,99dbb947-1f56-4d7c-bdf1-3c756aed0f1e,2,0.7,0.4999864
363,99dbb947-1f56-4d7c-bdf1-3c756aed0f1e,3,0.7,0.49998587
364,99dbb947-1f56-4d7c-bdf1-3c756aed0f1e,4,0.7,0.49998596
365,99dbb947-1f56-4d7c-bdf1-3c756aed0f1e,5,0.7,0.49998596
366,99dbb947-1f56-4d7c-bdf1-3c756aed0f1e,6,0.7,0.4999859
367,99dbb947-1f56-4d7c-bdf1-3c756aed0f1e,7,0.7,0.49998596
368,99dbb947-1f56-4d7c-bdf1-3c756aed0f1e,8,0.7,0.49998572
369,99dbb947-1f56-4d7c-bdf1-3c756aed0f1e,9,0.7,0.4999867
370,99dbb947-1f56-4d7c-bdf1-3c756aed0f1e,10,0.7,0.4999857
371,58c609ee-7ae8-4fbe-8083-d917fa3e8246,1,0.7,0.49998155
372,58c609ee-7ae8-4fbe-8083-d917fa3e8246,2,0.7,0.49998173
373,58c609ee-7ae8-4fbe-8083-d917fa3e8246,3,0.7,0.4999824
374,58c609ee-7ae8-4fbe-8083-d917fa3e8246,4,0.7,0.49998233
375,58c609ee-7ae8-4fbe-8083-d917fa3e8246,5,0.7,0.49998167
376,58c609ee-7ae8-4fbe-8083-d917fa3e8246,6,0.7,0.4999815
377,58c609ee-7ae8-4fbe-8083-d917fa3e8246,7,0.7,0.49998227
378,58c609ee-7ae8-4fbe-8083-d917fa3e8246,8,0.7,0.49998236
379,58c609ee-7ae8-4fbe-8083-d917fa3e8246,9,0.7,0.49998164
380,58c609ee-7ae8-4fbe-8083-d917fa3e8246,10,0.7,0.49998158
381,8d2aa3f4-dab3-40e7-873c-af846d4e2a9c,1,0.7,0.4999789
382,8d2aa3f4-dab3-40e7-873c-af846d4e2a9c,2,0.5,0.4999789
383,8d2aa3f4-dab3-40e7-873c-af846d4e2a9c,3,0.7,0.49997893
384,8d2aa3f4-dab3-40e7-873c-af846d4e2a9c,4,0.5,0.49997887
385,8d2aa3f4-dab3-40e7-873c-af846d4e2a9c,5,0.7,0.4999789
386,8d2aa3f4-dab3-40e7-873c-af846d4e2a9c,6,0.7,0.4999789
387,8d2aa3f4-dab3-40e7-873c-af846d4e2a9c,7,0.7,0.4999789
388,8d2aa3f4-dab3-40e7-873c-af846d4e2a9c,8,0.7,0.49997893
389,8d2aa3f4-dab3-40e7-873c-af846d4e2a9c,9,0.7,0.4999789
390,8d2aa3f4-dab3-40e7-873c-af846d4e2a9c,10,0.7,0.4999789
391,f5a28746-11f7-423f-9ae0-204a9b6d50ac,1,0.7,0.4999843
392,f5a28746-11f7-423f-9ae0-204a9b6d50ac,2,0.7,0.49998575
393,f5a28746-11f7-423f-9ae0-204a9b6d50ac,3,0.6,0.4999843
394,f5a28746-11f7-423f-9ae0-204a9b6d50ac,4,0.5,0.49997887
395,f5a28746-11f7-423f-9ae0-204a9b6d50ac,5,0.7,0.49998236
396,f5a28746-11f7-423f-9ae0-204a9b6d50ac,6,0.7,0.49998263
397,f5a28746-11f7-423f-9ae0-204a9b6d50ac,7,0.5,0.49997887
398,f5a28746-11f7-423f-9ae0-204a9b6d50ac,8,0.7,0.4999842
399,f5a28746-11f7-423f-9ae0-204a9b6d50ac,9,0.7,0.49998608
400,f5a28746-11f7-423f-9ae0-204a9b6d50ac,10,0.7,0.49998468
401,c5ad1069-7952-4bb6-8b54-5941b833ed76,1,0.7,0.4999841
402,c5ad1069-7952-4bb6-8b54-5941b833ed76,2,0.7,0.4999837
403,c5ad1069-7952-4bb6-8b54-5941b833ed76,3,0.7,0.49998438
404,c5ad1069-7952-4bb6-8b54-5941b833ed76,4,0.7,0.49998465
405,c5ad1069-7952-4bb6-8b54-5941b833ed76,5,0.7,0.4999828
406,c5ad1069-7952-4bb6-8b54-5941b833ed76,6,0.7,0.4999826
407,c5ad1069-7952-4bb6-8b54-5941b833ed76,7,0.7,0.49998417
408,c5ad1069-7952-4bb6-8b54-5941b833ed76,8,0.7,0.4999844
409,c5ad1069-7952-4bb6-8b54-5941b833ed76,9,0.7,0.49998403
410,c5ad1069-7952-4bb6-8b54-5941b833ed76,10,0.7,0.49998406
411,1e8c8712-0046-428d-864f-14d2357fb1d5,1,0.5,0.49997887
412,1e8c8712-0046-428d-864f-14d2357fb1d5,2,0.5,0.49997887
413,1e8c8712-0046-428d-864f-14d2357fb1d5,3,0.7,0.49997887
414,1e8c8712-0046-428d-864f-14d2357fb1d5,4,0.5,0.49997887
415,1e8c8712-0046-428d-864f-14d2357fb1d5,5,0.5,0.49997887
416,1e8c8712-0046-428d-864f-14d2357fb1d5,6,0.5,0.49997887
417,1e8c8712-0046-428d-864f-14d2357fb1d5,7,0.5,0.49997887
418,1e8c8712-0046-428d-864f-14d2357fb1d5,8,0.5,0.49997887
419,1e8c8712-0046-428d-864f-14d2357fb1d5,9,0.5,0.49997887
420,1e8c8712-0046-428d-864f-14d2357fb1d5,10,0.2,0.49997887
421,6fffd62f-739b-4202-973d-df2d07470d87,1,0.7,0.4999834
422,6fffd62f-739b-4202-973d-df2d07470d87,2,0.7,0.4999827
423,6fffd62f-739b-4202-973d-df2d07470d87,3,0.7,0.49998295
424,6fffd62f-739b-4202-973d-df2d07470d87,4,0.7,0.4999819
425,6fffd62f-739b-4202-973d-df2d07470d87,5,0.7,0.49998343
426,6fffd62f-739b-4202-973d-df2d07470d87,6,0.7,0.49998325
427,6fffd62f-739b-4202-973d-df2d07470d87,7,0.7,0.4999817
428,6fffd62f-739b-4202-973d-df2d07470d87,8,0.7,0.49998242
429,6fffd62f-739b-4202-973d-df2d07470d87,9,0.7,0.49998268
430,6fffd62f-739b-4202-973d-df2d07470d87,10,0.7,0.49998325
431,f45ff6bf-08c4-450d-bbf3-5597f66c68ba,1,0.7,0.4999854
432,f45ff6bf-08c4-450d-bbf3-5597f66c68ba,2,0.7,0.49998513
433,f45ff6bf-08c4-450d-bbf3-5597f66c68ba,3,0.7,0.4999849
434,f45ff6bf-08c4-450d-bbf3-5597f66c68ba,4,0.7,0.49998507
435,f45ff6bf-08c4-450d-bbf3-5597f66c68ba,5,0.7,0.49998522
436,f45ff6bf-08c4-450d-bbf3-5597f66c68ba,6,0.7,0.4999847
437,f45ff6bf-08c4-450d-bbf3-5597f66c68ba,7,0.7,0.49998552
438,f45ff6bf-08c4-450d-bbf3-5597f66c68ba,8,0.7,0.4999849
439,f45ff6bf-08c4-450d-bbf3-5597f66c68ba,9,0.7,0.49998516
440,f45ff6bf-08c4-450d-bbf3-5597f66c68ba,10,0.7,0.49998534
441,c7f6914b-107e-4a21-b72f-24b473c3e8ec,1,0.7,0.49998397
442,c7f6914b-107e-4a21-b72f-24b473c3e8ec,2,0.7,0.49998403
443,c7f6914b-107e-4a21-b72f-24b473c3e8ec,3,0.7,0.49998352
444,c7f6914b-107e-4a21-b72f-24b473c3e8ec,4,0.7,0.4999835
445,c7f6914b-107e-4a21-b72f-24b473c3e8ec,5,0.7,0.4999834
446,c7f6914b-107e-4a21-b72f-24b473c3e8ec,6,0.7,0.49998328
447,c7f6914b-107e-4a21-b72f-24b473c3e8ec,7,0.7,0.4999835
448,c7f6914b-107e-4a21-b72f-24b473c3e8ec,8,0.7,0.49998364
449,c7f6914b-107e-4a21-b72f-24b473c3e8ec,9,0.7,0.49998453
450,c7f6914b-107e-4a21-b72f-24b473c3e8ec,10,0.7,0.49998423
451,d0af00c0-d13a-48ae-9347-98ad85eebbc2,1,0.7,0.4999865
452,d0af00c0-d13a-48ae-9347-98ad85eebbc2,2,0.7,0.4999869
453,d0af00c0-d13a-48ae-9347-98ad85eebbc2,3,0.7,0.49998647
454,d0af00c0-d13a-48ae-9347-98ad85eebbc2,4,0.7,0.49998713
455,d0af00c0-d13a-48ae-9347-98ad85eebbc2,5,0.7,0.49998757
456,d0af00c0-d13a-48ae-9347-98ad85eebbc2,6,0.7,0.49998757
457,d0af00c0-d13a-48ae-9347-98ad85eebbc2,7,0.1,0.49998933
458,d0af00c0-d13a-48ae-9347-98ad85eebbc2,8,0.7,0.49998656
459,d0af00c0-d13a-48ae-9347-98ad85eebbc2,9,0.7,0.4999867
460,d0af00c0-d13a-48ae-9347-98ad85eebbc2,10,0.7,0.49998653
461,e14e44b0-1b85-4343-a618-61e92984adfd,1,0.7,0.499984
462,e14e44b0-1b85-4343-a618-61e92984adfd,2,0.7,0.49998263
463,e14e44b0-1b85-4343-a618-61e92984adfd,3,0.1,0.49998632
464,e14e44b0-1b85-4343-a618-61e92984adfd,4,0.7,0.4999837
465,e14e44b0-1b85-4343-a618-61e92984adfd,5,0.7,0.49998367
466,e14e44b0-1b85-4343-a618-61e92984adfd,6,0.7,0.49998397
467,e14e44b0-1b85-4343-a618-61e92984adfd,7,0.7,0.4999835
468,e14e44b0-1b85-4343-a618-61e92984adfd,8,0.7,0.49998388
469,e14e44b0-1b85-4343-a618-61e92984adfd,9,0.7,0.4999827
470,e14e44b0-1b85-4343-a618-61e92984adfd,10,0.7,0.49998376
471,80d297a3-aa52-4df0-b22b-a4b3478a4eb8,1,0.7,0.49997902
472,80d297a3-aa52-4df0-b22b-a4b3478a4eb8,2,0.7,0.4999791
473,80d297a3-aa52-4df0-b22b-a4b3478a4eb8,3,0.7,0.49997896
474,80d297a3-aa52-4df0-b22b-a4b3478a4eb8,4,0.7,0.49997893
475,80d297a3-aa52-4df0-b22b-a4b3478a4eb8,5,0.7,0.4999791
476,80d297a3-aa52-4df0-b22b-a4b3478a4eb8,6,0.7,0.49997905
477,80d297a3-aa52-4df0-b22b-a4b3478a4eb8,7,0.7,0.4999789
478,80d297a3-aa52-4df0-b22b-a4b3478a4eb8,8,0.7,0.49997893
479,80d297a3-aa52-4df0-b22b-a4b3478a4eb8,9,0.7,0.49997914
480,80d297a3-aa52-4df0-b22b-a4b3478a4eb8,10,0.7,0.49997905
481,6cecc5e4-b87f-4501-a1d6-66a501a752b7,1,0.7,0.4999829
482,6cecc5e4-b87f-4501-a1d6-66a501a752b7,2,0.7,0.49998122
483,6cecc5e4-b87f-4501-a1d6-66a501a752b7,3,0.7,0.4999828
484,6cecc5e4-b87f-4501-a1d6-66a501a752b7,4,0.7,0.49998283
485,6cecc5e4-b87f-4501-a1d6-66a501a752b7,5,0.7,0.49998286
486,6cecc5e4-b87f-4501-a1d6-66a501a752b7,6,0.7,0.4999828
487,6cecc5e4-b87f-4501-a1d6-66a501a752b7,7,0.7,0.49998295
488,6cecc5e4-b87f-4501-a1d6-66a501a752b7,8,0.7,0.499983
489,6cecc5e4-b87f-4501-a1d6-66a501a752b7,9,0.7,0.49998105
490,6cecc5e4-b87f-4501-a1d6-66a501a752b7,10,0.7,0.49998295
491,09967234-a409-420a-bc5a-1474bb4790f3,1,0.7,0.49998567
492,09967234-a409-420a-bc5a-1474bb4790f3,2,0.7,0.49998674
493,09967234-a409-420a-bc5a-1474bb4790f3,3,0.7,0.4999847
494,09967234-a409-420a-bc5a-1474bb4790f3,4,0.7,0.49998578
495,09967234-a409-420a-bc5a-1474bb4790f3,5,0.7,0.4999857
496,09967234-a409-420a-bc5a-1474bb4790f3,6,0.7,0.49998578
497,09967234-a409-420a-bc5a-1474bb4790f3,7,0.7,0.49998555
498,09967234-a409-420a-bc5a-1474bb4790f3,8,0.7,0.49998486
499,09967234-a409-420a-bc5a-1474bb4790f3,9,0.7,0.4999867
500,09967234-a409-420a-bc5a-1474bb4790f3,10,0.7,0.49998572
501,9dae6241-7566-4dbd-b397-13a64fcc6e6c,1,0.7,0.4999859
502,9dae6241-7566-4dbd-b397-13a64fcc6e6c,2,0.7,0.49998614
503,9dae6241-7566-4dbd-b397-13a64fcc6e6c,3,0.7,0.499986
504,9dae6241-7566-4dbd-b397-13a64fcc6e6c,4,0.7,0.4999855
505,9dae6241-7566-4dbd-b397-13a64fcc6e6c,5,0.7,0.4999854
506,9dae6241-7566-4dbd-b397-13a64fcc6e6c,6,0.7,0.49998555
507,9dae6241-7566-4dbd-b397-13a64fcc6e6c,7,0.7,0.4999855
508,9dae6241-7566-4dbd-b397-13a64fcc6e6c,8,0.7,0.49998608
509,9dae6241-7566-4dbd-b397-13a64fcc6e6c,9,0.7,0.49998626
510,9dae6241-7566-4dbd-b397-13a64fcc6e6c,10,0.7,0.49998617
511,4583f609-85f6-43b2-bba6-2606ac495279,1,0.7,0.49998447
512,4583f609-85f6-43b2-bba6-2606ac495279,2,0.7,0.49998492
513,4583f609-85f6-43b2-bba6-2606ac495279,3,0.7,0.49998426
514,4583f609-85f6-43b2-bba6-2606ac495279,4,0.3,0.49998584
515,4583f609-85f6-43b2-bba6-2606ac495279,5,0.7,0.49998417
516,4583f609-85f6-43b2-bba6-2606ac495279,6,0.7,0.49998432
517,4583f609-85f6-43b2-bba6-2606ac495279,7,0.1,0.49998578
518,4583f609-85f6-43b2-bba6-2606ac495279,8,0.7,0.499984
519,4583f609-85f6-43b2-bba6-2606ac495279,9,0.8,0.49998394
520,4583f609-85f6-43b2-bba6-2606ac495279,10,0.7,0.49998415
521,0d060044-7b49-4fb7-9ad1-bc0f959d88e1,1,0.7,0.49998665
522,0d060044-7b49-4fb7-9ad1-bc0f959d88e1,2,0.7,0.49998763
523,0d060044-7b49-4fb7-9ad1-bc0f959d88e1,3,0.7,0.49998724
524,0d060044-7b49-4fb7-9ad1-bc0f959d88e1,4,0.7,0.49998614
525,0d060044-7b49-4fb7-9ad1-bc0f959d88e1,5,0.7,0.4999865
526,0d060044-7b49-4fb7-9ad1-bc0f959d88e1,6,0.7,0.49998656
527,0d060044-7b49-4fb7-9ad1-bc0f959d88e1,7,0.7,0.49998584
528,0d060044-7b49-4fb7-9ad1-bc0f959d88e1,8,0.7,0.4999863
529,0d060044-7b49-4fb7-9ad1-bc0f959d88e1,9,0.7,0.49998733
530,0d060044-7b49-4fb7-9ad1-bc0f959d88e1,10,0.7,0.4999868
531,47da96ed-3d5a-4b11-b273-77ce66a8b3d7,1,0.7,0.49998397
532,47da96ed-3d5a-4b11-b273-77ce66a8b3d7,2,0.7,0.49998406
533,47da96ed-3d5a-4b11-b273-77ce66a8b3d7,3,0.7,0.49998412
534,47da96ed-3d5a-4b11-b273-77ce66a8b3d7,4,0.7,0.49998364
535,47da96ed-3d5a-4b11-b273-77ce66a8b3d7,5,0.7,0.4999839
536,47da96ed-3d5a-4b11-b273-77ce66a8b3d7,6,0.7,0.499984
537,47da96ed-3d5a-4b11-b273-77ce66a8b3d7,7,0.7,0.49998343
538,47da96ed-3d5a-4b11-b273-77ce66a8b3d7,8,0.8,0.49998337
539,47da96ed-3d5a-4b11-b273-77ce66a8b3d7,9,0.7,0.49998397
540,47da96ed-3d5a-4b11-b273-77ce66a8b3d7,10,0.7,0.4999837
541,f12f91f7-81ca-4b7c-a5e8-3b81c4e5720b,1,0.7,0.4999854
542,f12f91f7-81ca-4b7c-a5e8-3b81c4e5720b,2,0.7,0.49998543
543,f12f91f7-81ca-4b7c-a5e8-3b81c4e5720b,3,0.7,0.49998504
544,f12f91f7-81ca-4b7c-a5e8-3b81c4e5720b,4,0.7,0.49998483
545,f12f91f7-81ca-4b7c-a5e8-3b81c4e5720b,5,0.7,0.49998444
546,f12f91f7-81ca-4b7c-a5e8-3b81c4e5720b,6,0.2,0.4999866
547,f12f91f7-81ca-4b7c-a5e8-3b81c4e5720b,7,0.7,0.49998456
548,f12f91f7-81ca-4b7c-a5e8-3b81c4e5720b,8,0.7,0.49998495
549,f12f91f7-81ca-4b7c-a5e8-3b81c4e5720b,9,0.7,0.4999855
550,f12f91f7-81ca-4b7c-a5e8-3b81c4e5720b,10,0.7,0.49998534
551,456cd5f9-5efa-40bd-8bbf-0f569692c390,1,0.7,0.49998334
552,456cd5f9-5efa-40bd-8bbf-0f569692c390,2,0.7,0.49998304
553,456cd5f9-5efa-40bd-8bbf-0f569692c390,3,0.7,0.4999832
554,456cd5f9-5efa-40bd-8bbf-0f569692c390,4,0.7,0.49998313
555,456cd5f9-5efa-40bd-8bbf-0f569692c390,5,0.7,0.49998325
556,456cd5f9-5efa-40bd-8bbf-0f569692c390,6,0.7,0.49998304
557,456cd5f9-5efa-40bd-8bbf-0f569692c390,7,0.7,0.49998352
558,456cd5f9-5efa-40bd-8bbf-0f569692c390,8,0.7,0.49998286
559,456cd5f9-5efa-40bd-8bbf-0f569692c390,9,0.7,0.49998292
560,456cd5f9-5efa-40bd-8bbf-0f569692c390,10,0.7,0.4999833
561,c996d9cf-7826-4154-b141-e3e5e5a7b4aa,1,0.7,0.49997985
562,c996d9cf-7826-4154-b141-e3e5e5a7b4aa,2,0.7,0.49997947
563,c996d9cf-7826-4154-b141-e3e5e5a7b4aa,3,0.7,0.49997926
564,c996d9cf-7826-4154-b141-e3e5e5a7b4aa,4,0.7,0.49997973
565,c996d9cf-7826-4154-b141-e3e5e5a7b4aa,5,0.7,0.49997953
566,c996d9cf-7826-4154-b141-e3e5e5a7b4aa,6,0.7,0.49997953
567,c996d9cf-7826-4154-b141-e3e5e5a7b4aa,7,0.7,0.4999798
568,c996d9cf-7826-4154-b141-e3e5e5a7b4aa,8,0.7,0.49997938
569,c996d9cf-7826-4154-b141-e3e5e5a7b4aa,9,0.4,0.49997967
570,c996d9cf-7826-4154-b141-e3e5e5a7b4aa,10,0.7,0.49997988
571,e363b1f3-f503-48b4-b87c-98fe07632c02,1,0.5,0.49997887
572,e363b1f3-f503-48b4-b87c-98fe07632c02,2,0.7,0.49997893
573,e363b1f3-f503-48b4-b87c-98fe07632c02,3,0.5,0.4999789
574,e363b1f3-f503-48b4-b87c-98fe07632c02,4,0.7,0.49997893
575,e363b1f3-f503-48b4-b87c-98fe07632c02,5,0.8,0.4999789
576,e363b1f3-f503-48b4-b87c-98fe07632c02,6,0.5,0.4999789
577,e363b1f3-f503-48b4-b87c-98fe07632c02,7,0.5,0.49997887
578,e363b1f3-f503-48b4-b87c-98fe07632c02,8,0.7,0.49997893
579,e363b1f3-f503-48b4-b87c-98fe07632c02,9,0.7,0.4999789
580,e363b1f3-f503-48b4-b87c-98fe07632c02,10,0.7,0.49997893
581,2aa6ee4b-eadb-4d51-9737-8cf5de22210a,1,0.7,0.4999844
582,2aa6ee4b-eadb-4d51-9737-8cf5de22210a,2,0.7,0.49998477
583,2aa6ee4b-eadb-4d51-9737-8cf5de22210a,3,0.7,0.49998465
584,2aa6ee4b-eadb-4d51-9737-8cf5de22210a,4,0.7,0.49998403
585,2aa6ee4b-eadb-4d51-9737-8cf5de22210a,5,0.7,0.49998417
586,2aa6ee4b-eadb-4d51-9737-8cf5de22210a,6,0.7,0.49998412
587,2aa6ee4b-eadb-4d51-9737-8cf5de22210a,7,0.7,0.4999844
588,2aa6ee4b-eadb-4d51-9737-8cf5de22210a,8,0.7,0.49998465
589,2aa6ee4b-eadb-4d51-9737-8cf5de22210a,9,0.7,0.49998462
590,2aa6ee4b-eadb-4d51-9737-8cf5de22210a,10,0.7,0.49998435
591,9cc3d613-1218-4cfe-b8c8-0e2bbdbc979b,1,0.7,0.49997994
592,9cc3d613-1218-4cfe-b8c8-0e2bbdbc979b,2,0.7,0.49998268
593,9cc3d613-1218-4cfe-b8c8-0e2bbdbc979b,3,0.7,0.49997994
594,9cc3d613-1218-4cfe-b8c8-0e2bbdbc979b,4,0.7,0.49997917
595,9cc3d613-1218-4cfe-b8c8-0e2bbdbc979b,5,0.7,0.4999799
596,9cc3d613-1218-4cfe-b8c8-0e2bbdbc979b,6,0.7,0.4999798
597,9cc3d613-1218-4cfe-b8c8-0e2bbdbc979b,7,0.7,0.4999792
598,9cc3d613-1218-4cfe-b8c8-0e2bbdbc979b,8,0.7,0.49997988
599,9cc3d613-1218-4cfe-b8c8-0e2bbdbc979b,9,0.7,0.49998277
